,Clusters,hsa_mir_375,hsa_mir_5698,hsa_mir_205,hsa_mir_149,hsa_mir_129_1,hsa_mir_129_2,hsa_mir_6510,hsa_mir_204,hsa_mir_944
TCGA-05-4384,C1,16294.25465,14.86659,2.477765,14.158657,0.707933,1.651843,2.831731,2.595754,4.247597
TCGA-05-4396,C2,92205.53613,0.775874,3.768531,20.948599,37.906989,40.012933,0.332517,4.655244,0.554196
TCGA-05-4405,C2,21994.19565,11.300108,27.203964,39.062102,0.55803,0.976553,0.837045,2.092613,3.069165
TCGA-05-4410,C2,10395.30725,12.131219,111.640003,12.295155,1.147548,2.622966,2.786902,2.786902,1.475419
TCGA-05-4417,C2,58024.67227,3.866434,20.98921,9.942258,0.276174,1.380869,1.933217,13.808691,1.104695
TCGA-05-4427,C2,16713.23293,3.081429,2.641225,0.880408,0.440204,0.440204,0.220102,0.660306,16.287555
TCGA-05-5420,C3,7038.780229,0.194023,2.134257,1.74621,0.776094,0,0.58207,6.014725,1.74621
TCGA-05-5423,C3,35265.21826,8.08014,213.826021,10.461655,1.360866,0.935595,0.425271,1.44592,1.105703
TCGA-05-5425,C1,19758.96791,0.680702,12.933341,13.614043,1.815206,0.226901,0,1.134504,0.907603
TCGA-05-5429,C2,14376.3419,0,79.763739,6.480208,0.66708,0.762377,3.335401,0.571783,1.334161
TCGA-05-5715,C2,40272.89911,1.214396,105.895347,10.079488,1.214396,0.485758,37.767721,2.307353,0.607198
TCGA-18-4721,C5,674.226753,1.457788,9858.28847,127.556413,24.782389,15.30677,20.409026,103.502918,201.174685
TCGA-18-5592,C5,300.408987,1.025287,50022.7101,807.925876,5.126433,4.101147,10.252866,38.960892,240.942361
TCGA-18-5595,C5,2386.767318,0,30334.76416,410.746004,4.933886,2.466943,104.845076,2.466943,415.679889
TCGA-21-5782,C4,1132.042213,1.395286,20709.5356,219.525031,1.627834,1.162739,60.229855,3.953311,237.198656
TCGA-21-5784,C3,3711.753984,0.290003,21833.19872,234.902784,1.740021,2.030024,24.070285,18.850223,41.180488
TCGA-21-5786,C5,778.244946,1.243203,45462.06118,94.483412,1.864804,2.486406,12.432028,3.108007,57.80893
TCGA-21-5787,C1,1442.908599,1.191502,477.792195,75.064609,3.574505,1.191502,0,1.191502,1.191502
TCGA-21-A5DI,C4,116.745953,2.170896,26337.79042,407.404781,0.241211,0.964843,5.065424,7.47753,71.398351
TCGA-22-4605,C4,6233.201261,0.924807,19453.32174,562.282844,8.014997,7.706728,23.428452,8.939804,120.533219
TCGA-22-4609,C4,5099.267554,2.449569,15117.51439,593.285585,29.88474,31.354482,2.449569,111.210428,37.968318
TCGA-22-5471,C5,472.828028,0.727428,22631.00428,173.127801,6.54685,5.819422,51.647369,23.277688,41.463381
TCGA-22-5472,C3,4160.075883,3.552584,29340.79139,177.629201,10.657752,6.217022,9.769606,6.217022,74.604264
TCGA-22-5473,C5,1843.107794,2.164966,26538.87594,1225.370805,2.164966,5.773243,94.536852,0.721655,243.919512
TCGA-22-5474,C5,961.343747,2.177449,10583.49102,52.258777,12.520332,13.064694,6.532347,49.536965,64.779109
TCGA-22-5477,C5,1374.76781,0.75371,22128.18429,583.371867,26.379865,27.133575,5.652828,161.29403,388.160867
TCGA-22-5478,C4,1098.638788,3.021559,20707.34692,47.136318,1.208624,0.604312,18.733665,48.949253,64.661359
TCGA-22-5479,C4,3596.010319,0,14364.27812,328.89439,8.849176,4.719561,11.208957,8.259231,181.703089
TCGA-22-5480,C5,938.501889,1.720443,20783.81682,301.937821,5.16133,7.741995,26.666873,0.860222,31.828203
TCGA-22-5482,C4,242.993453,0.706376,41869.04348,1298.319672,9.889268,5.651011,0.706376,36.025192,435.127812
TCGA-22-5483,C5,1112.217765,1.004865,1268.139274,84.073681,1.507297,3.851981,0,227.769336,0.837387
TCGA-22-5485,C4,3486.120745,0,60308.98474,1008.766321,11.624708,9.04144,5.166537,647.108741,285.451161
TCGA-22-5489,C5,1565.349385,0,12986.26495,201.194145,4.286427,10.180263,20.628428,6.161738,35.63092
TCGA-22-5491,C4,4481.869778,1.196122,24420.62832,276.304222,21.530199,20.932138,126.78895,40.070093,363.023079
TCGA-22-5492,C4,2801.867097,0.470112,20510.51335,314.50488,0,0.470112,28.206716,847.141696,160.77828
TCGA-22-A5C4,C5,2378.293502,1.766278,14182.77181,33.117715,0,1.324709,42.390675,1.324709,94.05431
TCGA-33-4566,C2,7439.911558,0,9262.702496,84.458501,1.260575,0,0,0,69.331606
TCGA-33-4582,C4,823.682667,0.895307,16402.02877,179.956757,1.790614,0.895307,70.729273,5.371843,335.740218
TCGA-33-4586,C5,1124.734658,0,46828.03705,811.07626,5.280444,4.224356,21.121778,4.224356,182.703376
TCGA-33-4589,C3,497.472838,4.264053,21301.78692,311.275861,2.842702,1.421351,8.528106,1.421351,189.039678
TCGA-33-6738,C5,2502.940525,6.987761,26478.7047,572.429845,2.455159,2.832876,0.566575,9.442921,2.455159
TCGA-33-A4WN,C5,552.149202,1.306089,19516.23763,262.523926,5.224357,6.856968,17.958726,35.917453,341.868844
TCGA-33-A5GW,C5,4508.694653,0.310174,29407.63209,772.334183,1.861046,0.930523,91.501439,9.305231,247.829322
TCGA-33-AASB,C2,8633.70633,1.205376,1300.198887,271.611387,2.611648,6.428672,1.205376,6.830464,3.616128
TCGA-33-AASD,C5,71.986193,0.599885,21318.91103,1199.769884,6.198811,7.998466,0.999808,135.374035,394.724292
TCGA-33-AASI,C5,522.701303,0.163446,14032.19271,71.262592,0.163446,0.163446,1.144124,3.268926,27.132088
TCGA-33-AASJ,C5,269.877824,0.155549,11269.53795,83.063261,19.443647,22.71018,37.487352,4.510926,596.997745
TCGA-34-5231,C4,1104.474688,1.219516,26318.77408,92.683191,1026.425685,1111.791782,27.642355,0.81301,522.35921
TCGA-34-5232,C5,2066.911719,1.148923,13415.58598,448.46278,10.340303,10.723277,78.50971,3.446768,204.125245
TCGA-34-5234,C3,3433.731839,0.41294,5530.089407,81.624428,4.267044,2.477639,9.084675,3.303518,36.063407
TCGA-34-5236,C4,276.104588,0.496591,4345.005594,53.631826,3.972728,1.820834,0.331061,1.324243,218.996625
TCGA-34-5239,C4,561.964165,0.574801,10581.13571,117.451085,0.574801,0.958002,17.627243,19.543247,36.212488
TCGA-34-5241,C4,1227.439467,0,3791.669363,33.106255,0,0.50161,7.022539,1.50483,128.412139
TCGA-34-5927,C4,19502.55622,2.728934,15330.24312,136.901536,136.674125,110.749249,129.396967,96.877167,271.756372
TCGA-34-5928,C4,1014.382043,0.934627,17032.64591,231.164458,66.046988,66.670073,8.723187,1.24617,122.124619
TCGA-34-5929,C4,14355.78491,0.932587,28080.90756,779.176814,2.564615,2.564615,76.705318,0,242.705884
TCGA-34-7107,C4,703.491634,0,26680.78768,143.093453,32.242087,35.61983,12.896835,5.834282,287.415176
TCGA-34-8454,C4,3216.114523,0.38406,16103.61619,84.493097,0.768119,0.768119,168.218075,2.688417,244.645922
TCGA-34-8455,C4,2898.122285,1.010679,17483.48487,122.797509,1.263349,1.010679,40.427164,2.274028,144.02177
TCGA-34-8456,C4,3755.590836,0,9280.55842,273.039665,62.181296,52.216345,21.125697,83.306993,95.663532
TCGA-34-A5IX,C5,2696.046916,8.036428,22021.55999,161.427381,0.34941,0,0.69882,2.795279,117.751142
TCGA-35-5375,C5,500.166061,0.113237,12026.97251,22.30761,2.830915,2.717678,34.6504,0.566183,45.181403
TCGA-37-5819,C1,374245.3064,0.686592,245.800029,16.134918,1.373185,1.029888,0,5.149442,1.373185
TCGA-37-A5EL,C5,880.749309,1.430562,12050.57704,96.801359,66.282704,73.912368,12.875058,0,27.180677
TCGA-37-A5EM,C4,160.859265,0.532647,11207.68289,82.293896,0.79897,0.532647,0.266323,0.266323,376.581128
TCGA-37-A5EN,C4,3320.830138,0.993368,14424.36958,191.720077,31.125539,31.787785,10.595928,36.754626,270.858416
TCGA-38-6178,C2,13852.71394,1.475692,664.159761,24.299728,1.475692,0.590277,1.86921,2.361107,3.836799
TCGA-38-A44F,C3,8183.941382,0.475134,233.290674,10.928076,0.950268,0.237567,1.425401,4.751338,1.187834
TCGA-39-5011,C3,956.800118,0.445438,4158.160663,83.296845,1.336313,1.781751,0,0.890875,21.381008
TCGA-39-5019,C4,2258.057583,0.198084,4024.569933,268.403704,4.456888,5.249224,7.230063,9.508028,236.116026
TCGA-39-5021,C4,1384.647793,1.712613,7259.767461,232.915399,10.275679,13.700906,0,11.988293,122.451846
TCGA-39-5022,C3,768.55043,0.6566,4680.081445,40.545057,1.9698,2.2981,4.103751,11.654652,52.199709
TCGA-39-5024,C4,3495.990949,1.475724,15928.47656,236.115894,2.951449,0.983816,40.336465,11.805795,54.109892
TCGA-39-5027,C4,6446.395703,0.286659,10897.06894,546.372741,31.24587,31.53253,17.486221,139.889768,389.856731
TCGA-39-5028,C3,4511.63441,0,17947.29327,63.023795,0.724411,1.448823,15.21264,2.173234,108.661715
TCGA-39-5029,C4,1845.209503,1.33614,4640.414631,68.811216,1.33614,2.00421,3.34035,1.33614,221.13119
TCGA-39-5030,C3,426.708633,0.489345,9349.910377,414.475014,0.489345,0,43.551684,2.446724,61.65744
TCGA-39-5031,C4,3954.103231,0,3591.960123,234.768636,5.494585,1.998031,12.987201,73.427637,61.938959
TCGA-39-5034,C1,103692.7807,0,92.347637,98.859329,0.591972,0.591972,2.95986,0.591972,0.591972
TCGA-39-5035,C3,19609.07979,0,4960.355217,15.223597,0.362467,0.362467,0,1.0874,29.72226
TCGA-39-5037,C4,3226.45496,0.985478,40754.44254,609.025402,13.796692,20.695038,25.622428,45.331988,719.398937
TCGA-39-5040,C5,2095.043272,5.157762,532.439744,791.319725,1.785379,1.785379,1.388628,0.595126,8.72852
TCGA-43-5668,C1,1346.036419,48.756817,124.213796,455.644066,1.741315,0,4.643506,1.741315,2.902192
TCGA-43-5670,C5,5278.214461,0.783874,68270.70769,674.131497,1.175811,1.175811,0,0.391937,116.405264
TCGA-43-6143,C4,2315.03557,0.412246,12220.34269,43.148404,1.374153,2.473475,3.023137,0.137415,60.874978
TCGA-43-6770,C4,2007.609612,2.042849,23737.90251,170.577871,16.34279,9.703532,65.37116,16.853502,740.021961
TCGA-43-6771,C2,1495.216427,0.373337,43252.6352,120.587992,1.49335,2.986699,0.746675,0.746675,135.894826
TCGA-43-7656,C4,1774.236022,0.525622,11046.20267,45.203466,0.788433,3.15373,0.525622,2.628108,100.393743
TCGA-43-7658,C4,10829.83479,0.27427,282.49835,66.099128,3.016973,4.662594,1.371351,1.371351,0
TCGA-43-8115,C4,4567.651551,0.570867,3575.769711,73.784592,4.281504,3.13977,12.559079,11.274628,79.20783
TCGA-43-8118,C4,7112.123611,0.701393,8453.888154,209.716465,8.416714,11.923679,9.8195,3.506964,245.487501
TCGA-43-A474,C4,24.33615,0,24036.94575,174.264217,8.039621,8.908769,3.259306,0,203.597969
TCGA-43-A475,C5,738.40431,1.406484,18114.11258,306.051005,2.531672,5.063344,211.816551,6.469828,90.015002
TCGA-43-A56V,C4,3514.997851,0,21913.71258,178.964165,16.888551,20.157303,7.354692,18.522927,90.980261
TCGA-44-2656,C2,18046.96774,5.16325,5.632637,16.89791,0,0.469386,0,0,1.408159
TCGA-44-2665,C3,10319.31632,0,510.699762,26.652681,0,0,0.859764,1.289646,0
TCGA-44-2668,C3,1684.157054,0,78.854076,28.221459,0,1.660086,0.830043,1.660086,1.660086
TCGA-44-3918,C2,13714.33914,13.935509,5.394391,17.53177,1.79813,2.247663,0.899065,0.449533,0
TCGA-44-4112,C2,22083.44423,1.570183,5.49564,19.627286,2.355274,3.532911,0.392546,0.785091,0
TCGA-44-5643,C4,1107.577447,2.225541,5109.47064,422.110896,11.869551,12.982321,119.808277,1.11277,200.669591
TCGA-44-5644,C1,375933.8246,0.338327,4.39825,1.691635,0.845817,1.353308,0.338327,5.074904,0.338327
TCGA-44-5645,C3,13040.80988,3.202753,63.654718,5.004302,11.60998,12.811012,0,2.602237,23.820476
TCGA-44-6145,C3,12576.1739,5.800818,15.265311,3.358368,3.358368,4.579593,0.305306,0.915919,1.831837
TCGA-44-6146,C3,116832.6343,1.61019,175.510688,54.585434,0.322038,1.932228,2.254266,4.186493,0.322038
TCGA-44-6147,C2,41855.18531,1.660195,1569.922241,117.458822,3.527915,2.905342,3.320391,10.998794,1.86772
TCGA-44-6774,C3,12746.46016,1.55164,52.238531,15.387092,1.034426,1.16373,0.77582,11.249387,1.16373
TCGA-44-6775,C3,38766.04925,3.261122,2983.202321,325.025201,9.058673,8.696326,13.04449,17.392653,4.348163
TCGA-44-6777,C3,12963.77287,4.954538,13.512375,6.080569,0.450413,2.702475,0,1.576444,0.675619
TCGA-44-6778,C1,303882.9191,1.808926,12.662479,35.877024,53.363305,47.333553,0,1.507438,1.507438
TCGA-44-6779,C2,571.784647,1.290128,13.417329,3.354332,8.514844,5.934588,0.516051,0.774077,7.998792
TCGA-44-7659,C2,17470.015,5.850097,114.076894,9.100151,15.925264,16.25027,2.600043,3.900065,0.650011
TCGA-44-7660,C4,11776.27249,0,11790.63409,133.635949,1.703919,1.217085,3.894672,0.486834,40.894061
TCGA-44-7661,C3,3108.553413,0,556.106567,8.935328,0.47028,0.705421,0.47028,3.056823,9.405608
TCGA-44-7662,C3,204.142759,1.045813,5.647392,10.458133,0.627488,0.209163,2.928277,0.209163,12.758922
TCGA-44-7667,C1,151020.9804,25.308086,15.265195,16.470342,0,0.401716,0.803431,2.81201,0.803431
TCGA-44-7669,C1,254490.1224,0,18.285714,1.959184,0.326531,0,0.326531,2.285714,0.326531
TCGA-44-7670,C1,11270.96164,10.438075,345.536283,125.616836,2.159602,2.159602,1.799668,1.799668,22.315885
TCGA-44-7671,C1,14298.49532,4.936524,148.095707,15.680722,4.936524,3.194221,0.871151,4.355756,0.580767
TCGA-44-7672,C3,13410.53314,0.308799,50.025476,11.734371,0.617598,0.308799,0.308799,1.235197,0.926398
TCGA-44-8117,C2,9782.046842,13.428564,6.808849,41.042231,0.567404,0.378269,0.189135,0.378269,0.189135
TCGA-44-8119,C1,65593.99665,7.735011,4.297228,3.437783,0.61389,0.982224,1.227779,7.243899,0.736668
TCGA-44-A479,C3,57635.05603,0.393534,234.939937,2.75474,0,0,0,3.935342,0
TCGA-44-A47A,C2,36916.27874,3.831344,1.915672,5.108459,26.81941,24.26518,0,6.385574,0
TCGA-44-A47G,C2,9595.910875,3.368263,80.838304,13.877242,1.616766,0.808383,0.808383,2.020958,4.041915
TCGA-44-A4SS,C3,632.81799,1.070499,286.587944,24.774411,0.611714,0.611714,6.117139,1.529285,4.434925
TCGA-44-A4SU,C1,24551.98543,11.297808,4051.804763,167.823802,0.410829,0.821659,3.286635,5.751611,15.816931
TCGA-46-6025,C5,709.890951,2.943861,22598.75601,302.797088,22.28923,15.980957,87.474714,6.728824,708.208745
TCGA-46-6026,C4,2644.243648,1.829384,24729.87188,247.228157,27.440757,28.74746,26.918076,3.658768,225.01421
TCGA-49-4487,C3,2106.222504,7.570289,41.846873,4.626287,7.780574,6.729145,0,2.944001,3.154287
TCGA-49-4488,C2,52503.27098,17.370221,107.774329,105.208273,1.184333,0.690861,0.88825,1.283028,5.428194
TCGA-49-4512,C3,19129.75929,4.46629,81.988329,44.503392,17.705651,15.153485,2.552166,1.754614,0.797552
TCGA-49-4514,C1,16133.72678,0.216241,76.981728,32.219881,1.297445,0.648722,0.864963,1.513686,1.297445
TCGA-49-6742,C1,43994.32762,0.433337,12.566775,5.633382,2.816691,1.51668,0.216669,3.250028,1.083343
TCGA-49-6743,C3,12043.69386,1.630611,6.196322,4.565711,0.652244,0,0.326122,0.326122,9.457545
TCGA-49-6744,C3,5633.500546,1.126153,5.791645,3.056701,0.160879,0.965274,0.643516,2.895822,2.895822
TCGA-49-6745,C2,3875.515375,3.139918,39.391701,5.708942,1.141788,0.856341,0.856341,1.712683,16.841379
TCGA-49-6761,C2,13593.29219,7.071013,25.365855,58.58839,0.67343,1.683574,0.336715,8.53011,4.377294
TCGA-49-6767,C2,1247.5276,1.208259,4482.037415,22.151418,20.339029,18.123888,0.60413,1.006883,10.270203
TCGA-49-AAQV,C3,13356.03485,2.725054,417.478279,13.26193,0.908351,0.726681,2.725054,6.358459,1.090022
TCGA-49-AAR0,C1,79877.53942,1.521195,290.548334,72.365442,3.477018,3.694332,0.217314,23.687187,0.651941
TCGA-49-AAR2,C1,70237.7385,1.268852,16.495079,51.811466,1.691803,0.845901,0.211475,9.939343,0.634426
TCGA-49-AAR3,C3,1188.386186,3.645356,1458.14256,55.773953,3.280821,3.463089,1.093607,1.458143,8.019784
TCGA-49-AAR4,C3,8504.051807,3.719244,923.199054,54.962164,4.132494,2.479496,7.231864,9.29811,10.744483
TCGA-49-AAR9,C1,1909.917275,0,32.230091,49.29308,0,1.137533,1.895888,0.379178,6.446018
TCGA-49-AARE,C2,6191.436069,5.403239,305.282983,46.265231,0.675405,1.688512,1.013107,1.688512,0.675405
TCGA-49-AARN,C2,17239.46037,1.940444,314.074748,54.748246,1.801841,1.247428,2.63346,4.573904,2.21765
TCGA-49-AARO,C3,3150.702271,0.166334,1857.62026,40.08654,1.497008,0.665337,1.829676,4.491023,5.322694
TCGA-49-AARR,C3,15016.86452,0.211136,1399.200849,32.303867,3.589319,4.645001,6.545228,14.779547,4.645001
TCGA-4B-A93V,C1,97618.32021,14.731823,4759.080327,38.232588,0.701515,0.350758,0,37.531073,0.350758
TCGA-50-5044,C2,6108.634131,1.115478,26.213723,8.644951,6.413996,6.971735,1.115478,2.230955,1.673216
TCGA-50-5045,C3,9865.242832,2.987566,54.174536,10.356897,0.796684,1.294612,10.456482,2.091296,1.095441
TCGA-50-5049,C3,10829.24657,1.759359,134.688718,49.457541,0.977422,0.977422,11.338092,2.736781,1.563875
TCGA-50-5051,C1,58018.336,1.91282,125.216149,22.218142,2.79566,2.64852,0.29428,3.38422,1.17712
TCGA-50-5066,C3,1569.202148,11.221585,62.628574,73.243587,1.668073,2.274646,0.303286,0.758215,3.48779
TCGA-50-5068,C3,19725.93877,0.66791,66.123077,13.469516,0.66791,0.66791,1.669775,2.226366,7.013054
TCGA-50-5072,C1,9682.121479,1.089838,14.167895,35.056458,7.265587,9.990182,1.089838,4.904271,1.816397
TCGA-50-5930,C3,25632.98655,1.977507,31.100794,25.168272,1.07864,0.719093,0.898867,1.438187,4.494334
TCGA-50-5931,C4,1887.597807,2.412486,8210.37841,56.521096,0.689282,3.101767,11.717788,3.446408,132.342077
TCGA-50-5932,C1,74792.59906,0.984722,1.723264,12.473147,1.887384,2.297685,3.200347,0.410301,0.246181
TCGA-50-5933,C2,5076.946371,0.438878,4.169346,19.310654,1.316635,1.316635,0.219439,0.438878,0.219439
TCGA-50-5936,C3,16232.52531,0.50556,63.532059,11.459363,1.17964,1.01112,2.022241,0.50556,5.561162
TCGA-50-5939,C3,1675.914965,0.991568,17.352438,14.708257,3.305226,2.148397,0.991568,1.32209,0.661045
TCGA-50-5941,C3,9780.759555,6.860554,15.592169,11.226361,0.103948,0.415791,0.519739,0.415791,3.430277
TCGA-50-5942,C3,49993.55262,0.473202,54.89143,4.258818,3.312414,4.968621,1.892808,4.495419,13.013054
TCGA-50-5944,C3,26600.80866,7.357832,186.814116,8.729632,1.24709,2.244762,0,3.990689,8.355505
TCGA-50-5946,C1,18331.13297,2.996145,3857.716199,101.689155,0.958766,0.599229,2.816376,0.719075,8.988434
TCGA-50-6590,C2,286.032292,0,256.356442,40.402061,6.435727,3.575404,0,0.715081,2.145242
TCGA-50-6591,C1,577.895118,5.347968,48.289004,99.251992,1.730225,0.943759,1.101052,95.634249,0.314586
TCGA-50-6592,C3,4012.339813,3.034328,9.422387,26.03134,1.437313,1.11791,0.638806,0.159701,1.916418
TCGA-50-6593,C3,18513.21924,6.893426,122.904735,19.839615,2.017588,0.840662,3.026382,2.85825,3.530779
TCGA-50-6594,C2,1740.288118,27.577356,8.519834,2.242061,1.569443,1.345237,0.672618,0.448412,0.448412
TCGA-50-6595,C3,949.010157,0,1272.412965,14.993895,0.517031,2.326639,0.258515,2.585154,7.496948
TCGA-50-6597,C2,21504.61605,8.158564,14.277488,12.6911,2.039641,0.906507,0.453254,2.039641,0.906507
TCGA-50-6673,C2,11034.46128,1.589293,87.093256,45.215386,0.794646,1.112505,6.198243,1.112505,0.238394
TCGA-50-7109,C1,37230.70385,11.857152,143.603283,41.594136,1.129253,0.752835,0,5.458054,5.646263
TCGA-50-8457,C3,20642.33858,0.624315,223.816791,21.538854,1.248629,0.312157,4.370202,3.43373,0.936472
TCGA-50-8459,C3,5649.370613,0.218511,230.965604,13.984672,0.218511,0.218511,1.966595,5.025742,1.529574
TCGA-50-8460,C3,22304.41866,4.746294,515.131133,5.59008,4.640821,6.011973,2.109464,1.160205,14.238883
TCGA-51-6867,C5,1958.471709,0.344862,49051.80173,186.915243,1.72431,2.069172,11.035586,195.536795,125.184932
TCGA-52-7810,C4,475.237478,0.868807,54762.43122,104.474052,1.086009,1.086009,0,0,293.873998
TCGA-52-7811,C4,3084.499244,0,8692.450811,422.770255,2.323978,1.936648,2.711307,1.936648,181.270251
TCGA-52-7812,C2,6018.628843,0.890514,236.520555,177.924724,0.178103,0.712411,0,1.068617,5.69929
TCGA-53-7624,C5,4054.936799,1.362317,411.760338,281.999636,4.086951,7.152165,0,2.384055,3.746372
TCGA-53-7626,C3,6795.083063,1.581641,188.918282,22.318718,0.527214,0.702952,0,1.054428,1.054428
TCGA-53-7813,C1,70698.93913,1.190514,225.007232,55.001768,11.905145,11.190836,0.238103,19.76254,1.428617
TCGA-53-A4EZ,C1,74681.91787,11.292141,8.872396,16.40049,0.26886,0,1.882023,10.485559,0
TCGA-55-5899,C1,305776.7034,0.152186,1.217491,17.957985,4.109031,4.717776,0,11.56616,0.304373
TCGA-55-6543,C3,46002.94364,0.775131,2306.635029,16.742831,0.310052,0.155026,0.465079,0.775131,2.480419
TCGA-55-6712,C2,7188.256301,18.092155,18.227171,4.995595,4.455531,5.535659,4.725563,0.945113,6.615788
TCGA-55-6970,C3,17933.50994,2.756508,30.211327,22.162324,2.646248,0.992343,0.661562,2.977029,1.543644
TCGA-55-6971,C3,34895.19752,1.017302,317.805231,11.902437,0.610381,0.610381,0.10173,16.582027,1.017302
TCGA-55-6978,C2,912.784424,0.354939,156.882974,15.380684,2.484572,2.602885,0.118313,0.354939,7.690342
TCGA-55-6979,C3,11427.64467,3.847393,732.040481,48.388364,0.88786,1.33179,6.215019,1.33179,5.031206
TCGA-55-6981,C3,4397.429697,1.918041,2763.578055,153.922826,0.959021,0.47951,3.196736,1.918041,15.024658
TCGA-55-6982,C2,4984.301581,1.34305,216.719381,59.826759,2.93029,2.564004,1.34305,8.54668,1.34305
TCGA-55-7573,C3,37099.97818,0.22965,172.926546,13.779008,0.4593,0.918601,3.674402,1.607551,4.822653
TCGA-55-7574,C3,8822.50007,0.925251,17.57977,17.57977,11.103013,9.25251,0.925251,2.775753,1.619189
TCGA-55-7728,C3,19056.24433,0.730367,10.346863,4.625657,0.486911,0.243456,1.217278,0.486911,0.608639
TCGA-55-7815,C2,35786.14031,0.524897,2.886931,1.837138,12.859968,18.633831,0.262448,0.787345,0.524897
TCGA-55-7910,C1,64645.72656,5.107454,88.529203,8.171926,0,1.021491,0,2.383479,1.361988
TCGA-55-7911,C2,22505.52293,0.252621,3.031455,17.430867,0.505243,0,0.505243,0.757864,0.505243
TCGA-55-8505,C3,7476.414745,1.160799,33.953364,21.474777,2.901997,1.450998,1.160799,3.192197,0.870599
TCGA-55-8506,C2,38133.90991,21.085006,23.481029,7.906877,0.718807,0.718807,2.635626,0.479205,0.239602
TCGA-55-8507,C1,65042.14184,8.71825,403.219069,6.901948,1.271411,1.453042,0,3.632604,0.36326
TCGA-55-8620,C1,470795.8585,0.11335,4.874035,93.966863,0.566748,0.340049,0.226699,4.193937,0.226699
TCGA-55-A494,C2,55960.45503,1.464021,5.856085,122.099371,1.464021,2.635238,10.833757,1.464021,0
TCGA-56-5897,C4,519.074145,0,6473.959664,292.828933,0,0.348606,8.366541,5.577694,71.464204
TCGA-56-5898,C4,4723.707322,0,21386.40233,564.999981,5.765306,4.323979,5.765306,7.206632,135.484689
TCGA-56-6545,C4,1437.076095,4.211555,14154.56781,36.968092,1.871802,3.743604,10.762862,9.359011,79.083641
TCGA-56-6546,C4,4720.77499,0.59666,1486.280397,201.472239,37.589589,36.595155,0.59666,4.574394,48.926131
TCGA-56-7221,C4,2167.756819,0.882338,13734.0284,471.021307,103.821743,100.586505,2.205844,31.617103,75.439878
TCGA-56-7222,C4,2992.127665,1.135619,16537.78532,461.288241,19.986886,18.624144,59.052163,0.681371,242.113868
TCGA-56-7730,C5,1940.761067,0.410049,15365.75945,223.066558,30.343613,36.904394,29.523515,605.642108,540.034296
TCGA-56-8083,C4,23532.37161,3.829328,1882.880758,107.604127,60.120455,65.481515,0.382933,51.695933,29.102896
TCGA-56-8309,C3,1633.657266,0.677023,13330.58913,567.345541,6.09321,6.770233,268.101234,48.068656,25.726886
TCGA-56-A4BX,C4,53.864628,0.708745,20943.41769,226.089687,31.539157,26.932314,21.262353,33.665392,362.523118
TCGA-58-8386,C4,4698.124464,0.482279,6751.911153,16.156359,0.723419,1.205698,3.617095,2.411397,23.631689
TCGA-58-8388,C4,3595.837649,1.531447,17519.14156,133.542182,0.306289,1.225158,50.537752,1.837736,144.87489
TCGA-58-8391,C5,2145.903515,0.92709,30173.67789,1634.768087,5.871568,2.163209,46.663513,299.758988,367.745562
TCGA-58-8392,C4,3840.595115,1.140522,14880.16759,430.205048,18.932672,22.354239,84.398657,169.253524,257.758061
TCGA-58-8393,C5,3850.449214,3.192503,18688.62412,93.743506,7.255689,6.385007,70.5253,2.031593,360.752874
TCGA-58-A46J,C4,6427.04653,0.416152,10703.21311,109.655967,2.704986,3.537289,10.403792,4.577668,266.128999
TCGA-58-A46K,C5,466.448895,0.359083,10655.61026,165.178208,2.154498,0.897708,4.129455,21.365442,662.867329
TCGA-58-A46L,C4,599.28237,1.588029,9756.84897,76.62239,75.232865,72.453814,4.168576,5.558101,95.083225
TCGA-58-A46M,C5,330.450899,0.275146,11450.77025,254.235329,1.100586,1.375732,15.958495,5.227783,441.610069
TCGA-58-A46N,C4,118.332259,0,31395.99008,684.448812,49.586851,52.967773,33.809217,58.226985,594.666558
TCGA-60-2697,C3,6871.046835,0.458039,390.936502,18.09255,1.832157,2.748236,0.22902,8.244707,5.725491
TCGA-60-2703,C4,400.213523,0.564874,12273.30884,52.250883,13.839423,13.556986,3.671684,0.564874,79.92973
TCGA-60-2704,C4,2073.621125,0.17217,3483.352923,221.927734,6.198137,6.714648,2.238216,7.058989,97.792826
TCGA-60-2709,C3,2198.692908,0.853806,2924.712662,39.41738,4.26903,4.126729,0.853806,3.699826,105.729651
TCGA-62-8394,C2,14045.52755,1.439106,916.422498,47.778309,0.143911,0.287821,3.022122,6.332065,0.863463
TCGA-62-8395,C2,40086.88069,10.220148,25.157288,32.390008,134.905957,146.069504,0.471699,6.446555,0.157233
TCGA-62-8398,C1,17242.03991,2.004837,6.01451,8.242106,0.445519,1.559317,2.450356,0.668279,0.22276
TCGA-62-A46O,C1,47974.76329,1.728423,14.043439,177.379434,0.216053,0,0.432106,0.216053,0
TCGA-62-A46P,C2,50341.74667,0.227391,5.230004,2.728698,8.640877,12.051749,0.454783,7.049136,0
TCGA-62-A46R,C2,7245.84051,32.995005,51.554695,27.266705,0.229132,0.229132,2.062188,2.29132,0.458264
TCGA-62-A46S,C1,24773.35199,1.643667,23.011341,44.379014,2.739445,4.931002,0,17.53245,0.547889
TCGA-62-A46V,C2,22408.24985,7.936037,1.558864,14.171494,1.558864,1.842294,0.141715,1.13372,2.976014
TCGA-62-A471,C5,8876.219387,1.757754,901.727916,11.425402,0.439439,0,1.757754,0.878877,2.197193
TCGA-63-5128,C4,1426.657515,0.99906,18880.2337,143.864623,179.830779,183.827019,140.867444,62.940773,617.419009
TCGA-63-5131,C4,2128.938761,0,26871.96307,557.472373,0,2.24335,166.00787,8.973398,127.870927
TCGA-63-6202,C2,13651.58422,39.596815,42.463553,40.313499,2.866738,5.195962,1.61254,0.537513,6.629331
TCGA-63-7020,C4,3444.812665,0.242943,12871.85793,524.757245,0.971773,1.700602,13.361874,2.915318,96.691381
TCGA-63-7021,C4,894.248866,0,26847.92704,1593.782253,2.180277,2.34799,4.19284,2.012563,119.747504
TCGA-63-7022,C4,879.383271,0.381677,6457.843674,126.33501,14.12204,12.595333,10.178047,5.089024,33.205879
TCGA-63-A5MB,C5,1672.36836,0,13161.65751,163.802752,3.950716,5.166321,4.862419,6.989728,579.235707
TCGA-63-A5MG,C3,1516.239328,0.830247,9892.39786,53.343396,2.698304,2.28318,8.302474,0.207562,64.344174
TCGA-63-A5MI,C4,3008.690964,1.456993,19542.64983,125.78708,0.485664,3.885315,82.077284,2.913986,385.617534
TCGA-63-A5MJ,C5,28.236794,0,15441.49236,104.87952,1.008457,1.512685,0,7.059198,628.772889
TCGA-63-A5ML,C5,1045.254347,0.260922,11582.85846,44.878619,0.782767,0.782767,1.826455,3.652911,185.515687
TCGA-63-A5MM,C2,242.95936,0.52475,14278.45399,25.712762,0.787125,1.574251,3.410877,5.509878,28.336513
TCGA-63-A5MN,C3,2852.266657,0.857911,2491.086309,26.023287,3.717612,1.429851,0,0.857911,15.72836
TCGA-63-A5MP,C5,2487.414276,0.994329,11342.51365,152.132389,39.574308,44.74482,46.932345,3.778451,322.759304
TCGA-63-A5MS,C5,3190.704775,0.238986,11730.6377,146.737528,0.477972,0.716959,29.395303,28.439358,168.963244
TCGA-63-A5MT,C5,1191.531974,0.280031,32653.57671,305.233808,0,0.840093,2.240248,3.360372,134.694919
TCGA-63-A5MU,C4,208.216827,0.351718,40361.00296,333.076579,5.979199,5.627482,5.627482,0,584.90639
TCGA-63-A5MV,C4,414.800564,0.773882,14979.2532,326.578056,2.515115,2.321645,20.894805,88.802919,179.734013
TCGA-63-A5MY,C4,219.002513,0.493249,54304.2379,194.833316,5.425738,7.891982,127.258217,0,488.809662
TCGA-64-1679,C3,8393.589172,6.8037,1089.952812,23.132582,21.771841,17.145325,8.980885,3.537924,5.987256
TCGA-64-1681,C1,12745.51713,2.777003,152.179753,15.736349,1.666202,0.370267,2.036469,1.666202,2.406736
TCGA-64-5774,C1,200775.7707,6.070465,6.59079,13.701907,0.346884,0.346884,0.346884,0.693767,0.867209
TCGA-64-5778,C3,30061.95489,2.797762,31.915213,36.474529,1.450692,0.621725,2.590521,1.554312,2.901383
TCGA-64-5779,C1,53512.05442,2.317174,209.704288,16.992613,0.965489,0.579294,0.772391,4.055055,1.737881
TCGA-64-5781,C2,3203.682685,0.704416,6.427793,11.710911,1.849091,1.320779,0.968572,0.44026,2.025195
TCGA-64-5815,C2,27254.40985,1.63961,87.883072,9.181814,1.147727,1.803571,0.491883,1.63961,10.001618
TCGA-67-6215,C2,34862.61239,1.592678,5.733642,3.822428,0.796339,0.477803,3.026089,1.911214,0.318536
TCGA-67-6216,C2,23225.24166,2.310812,439.297523,2.797299,0.121622,0.121622,8.391896,1.702704,10.459465
TCGA-67-6217,C3,41321.58653,4.264401,51.629709,25.281805,1.3707,1.523,2.4368,3.959801,2.4368
TCGA-68-7756,C4,3815.78942,1.639701,8763.997411,347.206708,11.477908,10.043169,10.248132,3.07444,175.857943
TCGA-68-7757,C3,994.343149,0.184822,8239.00165,149.890761,3.696443,2.957154,28.277788,2.402688,25.505456
TCGA-68-A59I,C3,992.866156,0,7482.85112,19.807178,2.00579,2.256514,27.078168,96.528654,22.56514
TCGA-68-A59J,C5,2514.64672,1.075739,10540.9481,95.525594,1.506034,2.366625,0.645443,0.645443,103.916356
TCGA-69-7760,C2,13592.20901,1.808717,6735.060297,4.823246,3.014529,2.11017,7.234869,8.139228,0
TCGA-69-7761,C3,6124.870887,0,2.539634,2.539634,0,0,2.539634,0,2.902439
TCGA-69-7763,C2,13850.66531,0.331538,39.453029,10.609218,5.636147,2.983842,0,1.326152,0.663076
TCGA-69-7764,C1,26126.95397,2.587254,8.62418,11.211434,8.192971,3.449672,0,2.156045,0
TCGA-69-8255,C1,188194.6419,3.485576,6.561084,5.330881,2.460406,1.845305,0,4.100677,0.615102
TCGA-69-A59K,C2,17664.55555,9.645384,28.357428,38.581534,5.208507,2.314892,0.192908,0.385815,0.192908
TCGA-70-6722,C3,3183.773484,0,7495.727435,49.089666,1.1758,1.1758,2.351601,1.1758,27.925259
TCGA-70-6723,C4,135.807181,0.829779,17087.08808,524.420399,4.702082,4.425489,25.723152,3.872303,1189.350062
TCGA-71-6725,C2,18925.00058,0.306736,14.72333,56.746169,0.920208,2.760624,1.840416,3.06736,0.306736
TCGA-71-8520,C2,34732.03232,17.155691,25.39715,16.987498,0.840965,0.336386,7.232301,2.522896,3.195668
TCGA-73-4658,C2,8503.933189,2.557152,32.005646,11.630918,0.824888,0.989865,0.329955,3.299551,1.072354
TCGA-73-4676,C2,9176.719214,7.578624,247.112824,13.045172,9.0695,7.827103,0.993918,1.366637,31.432652
TCGA-73-7498,C1,56527.12868,4.807124,31.887254,29.804167,2.083087,1.2819,0.320475,2.083087,0.320475
TCGA-73-7499,C2,9169.157471,3.825264,1305.084397,9.658791,0.956316,1.434474,3.634001,4.303422,1.434474
TCGA-73-A9RS,C2,121845.3962,0,70.402473,14.735401,2.865217,2.865217,0,2.046584,2.046584
TCGA-75-5122,C2,9871.198427,0.177081,7.437398,6.729075,0.531243,0.177081,0.885405,0.354162,21.603871
TCGA-75-5125,C2,16106.78698,79.515234,41.030993,18.676176,0.848917,0.282972,0.565945,0,14.431591
TCGA-75-6203,C3,46238.71919,2.867984,946.793334,38.897038,0.179249,0.179249,0,274.251003,2.509486
TCGA-75-6205,C2,4774.853584,0.921312,2995.799892,21.190179,0.76776,0.307104,0.307104,2.917488,43.915877
TCGA-75-6206,C1,43879.81554,7.192105,4.690503,32.208123,6.254005,7.035755,0,1.563501,1.563501
TCGA-75-6207,C2,13205.63202,1.350289,1300.13526,6.751444,0.964492,0.964492,0.964492,0.771594,0.964492
TCGA-75-6211,C1,72132.00603,19.089222,20.141383,19.991075,0.150309,0.601235,0.150309,0.751544,0.450926
TCGA-75-6212,C3,8438.671706,1.988892,88.505713,4.375563,3.778896,2.983339,0.397778,2.784449,21.08226
TCGA-75-6214,C1,7429.913494,0.829972,27079.09658,1442.907128,0.829972,1.037466,3.734876,3.112397,29.256529
TCGA-75-7027,C1,70790.94762,0.717814,410.302409,45.365837,0.287126,0.430688,0.143563,0.430688,0.287126
TCGA-75-7030,C3,16961.29959,0.265862,887.00493,38.550019,1.063449,1.15207,2.39276,15.951732,2.658622
TCGA-75-7031,C1,63512.93572,6.020048,548.397671,15.336788,1.433345,0.716672,0.430003,17.056802,0.716672
TCGA-77-6842,C4,1201.089425,3.808252,20384.74269,1164.165942,2.649218,1.821338,12.91494,65.568157,86.761905
TCGA-77-6843,C4,1659.768684,1.159866,37155.15725,575.486999,170.500347,215.348511,30.349835,107.674255,158.321751
TCGA-77-6844,C4,2909.070648,4.037572,83134.81938,933.486653,1.211272,0.403757,364.996512,10.497687,134.854906
TCGA-77-6845,C5,2330.399569,4.074673,48462.28107,115.658028,73.030679,72.403806,35.731749,162.986923,325.346974
TCGA-77-7139,C4,131.459617,0,40527.57437,391.527919,100.099371,92.496887,8.552794,120.689431,200.515512
TCGA-77-7141,C5,4826.39223,0.831241,19405.73344,108.476932,16.417007,16.209197,58.60248,3.532774,108.269122
TCGA-77-7142,C5,7458.138749,3.157552,14126.36314,78.412551,5.262587,3.683811,4.736329,3.683811,367.854854
TCGA-77-7335,C5,259.805575,1.024585,6088.964454,405.296697,9.806746,9.660376,3.512864,18.003429,173.301296
TCGA-77-7337,C4,59.492681,0.208016,9947.758769,52.628141,0.416033,0.624049,20.801637,5.408426,63.444992
TCGA-77-7338,C4,2195.289969,0.588905,22710.23129,354.520706,5.005691,5.152917,7.36131,0.588905,258.08754
TCGA-77-7463,C4,4097.253257,0.234961,58519.43435,1230.726721,2.819534,1.644728,106.672381,1.409767,131.813228
TCGA-77-7465,C4,557.44364,0.285137,38170.48993,79.553338,129.737522,172.222997,111.773866,19.389344,64.155918
TCGA-77-8143,C4,4746.293099,0,26844.88143,490.339207,0.793429,0.793429,154.718682,2.380287,483.991774
TCGA-77-8150,C4,1698.365489,0,16705.43622,149.688591,14.210942,10.737156,15.474137,0.631597,231.480458
TCGA-77-8153,C4,113.363483,0,27054.39063,412.408532,17.199977,13.290891,18.372702,25.018148,549.617437
TCGA-77-8154,C4,1367.934343,0.506267,37708.81629,105.303606,5.568941,5.568941,79.483972,0.506267,211.113479
TCGA-77-A5FZ,C3,8301.645274,0.497686,389.439011,7.465285,0.248843,0,2.986114,5.474542,3.732642
TCGA-77-A5G1,C3,4488.319963,0.367023,4627.972081,171.583088,1.835113,2.385647,0.183511,0.917557,100.931228
TCGA-77-A5G3,C5,697.661476,0.440536,14412.12072,273.132045,37.445522,36.123916,9.985473,40.969807,372.546235
TCGA-77-A5G6,C4,1848.535767,0.890003,27810.80677,102.795321,6.675021,5.785018,60.520189,94.340294,377.806179
TCGA-77-A5GF,C5,72.916699,0.588038,13953.55128,49.395183,2.156139,2.352152,3.332215,0.784051,252.660283
TCGA-77-A5GH,C3,269.466118,1.248251,10893.01571,354.347166,2.496501,1.560313,3.588721,6.085222,84.256922
TCGA-78-7143,C2,18329.34019,6.939109,134.050963,57.405354,15.139874,8.200765,3.784968,0.315414,9.462421
TCGA-78-7145,C2,20874.45762,17.895701,10.526883,9.825091,0.87724,0.526344,1.403584,0.701792,1.929929
TCGA-78-7146,C2,10237.37269,9.113195,71.929146,28.315999,2.929241,3.580184,6.183954,0.650942,1.952827
TCGA-78-7147,C2,7630.463386,4.715094,1589.379721,16.240881,2.226572,2.095597,4.453145,1.047799,6.024843
TCGA-78-7148,C1,74932.79153,2.305855,2.017623,7.205797,2.305855,2.882319,0,1.729391,2.305855
TCGA-78-7149,C1,38504.51632,6.935737,8.862331,11.559562,13.486156,18.880618,1.541275,0.385319,0.385319
TCGA-78-7150,C1,5665.72074,0.578666,8.679993,6.075995,0.289333,0.867999,0,2.314665,23.435981
TCGA-78-7152,C2,18740.08237,0.728902,20.409269,4.130447,8.017927,9.7187,5.588252,1.94374,0.97187
TCGA-78-7153,C2,29899.51859,2.089619,18.388645,5.015085,112.839412,125.795048,0,2.507542,1.671695
TCGA-78-7154,C2,6196.145899,0,1664.746994,15.640139,1.325436,1.060348,2.120697,0,1.060348
TCGA-78-7155,C1,2301.942408,3.482515,211.736911,47.362204,3.482515,4.875521,0,0,2.786012
TCGA-78-7156,C1,50579.07141,38.704594,2.07346,4.377305,93.305718,115.653013,0.460769,2.534229,0.921538
TCGA-78-7158,C2,61949.99968,4.340031,5.918224,2.36729,4.340031,3.156386,4.340031,0.789097,0.394548
TCGA-78-7159,C1,110328.1824,5.094735,97.81891,9.510172,3.056841,4.075788,0.679298,2.037894,5.434384
TCGA-78-7160,C3,12231.04392,1.812678,22.205304,15.407762,3.625356,2.719017,0,0.906339,2.719017
TCGA-78-7161,C1,107197.1272,3.593192,75.816346,9.881277,1.976255,2.335575,0,156.483501,0.359319
TCGA-78-7162,C1,30808.63106,11.081612,37.910778,11.081612,11.664855,18.080525,0,9.915127,1.749728
TCGA-78-7163,C3,54292.06867,0.800013,3408.854542,20.00032,0.400006,0.400006,4.000064,2.400038,8.400134
TCGA-78-7166,C1,11050.56205,0.824628,16.492556,19.791067,0,0.549752,1.099504,0.274876,0.824628
TCGA-78-7167,C1,64999.12436,0.623233,38.017197,13.399504,5.297478,7.478793,2.804547,1.558082,0.311616
TCGA-78-7535,C2,7200.870477,18.337407,6.418092,74.954151,2.062958,0.91687,0.229218,0.229218,1.146088
TCGA-78-7536,C1,79366.60481,2.627822,322.471294,2.252419,0.750806,0,1.877016,1.501613,2.627822
TCGA-78-7537,C2,20001.53858,0.63316,3.798963,11.080308,13.296369,17.095332,1.899481,1.266321,0.949741
TCGA-78-7539,C2,7259.061245,2.92079,0.898705,4.942875,0.449352,0.224676,14.379273,2.471437,0.449352
TCGA-78-7540,C2,25385.61374,0,45.430094,3.355632,0,0,4.388134,3.871883,1.290628
TCGA-78-7542,C3,3544.234943,0,3183.922237,39.618336,0.535383,0.535383,10.172276,1.070766,10.172276
TCGA-78-7633,C1,17626.43692,4.526816,6.298179,6.494997,7.479087,8.266359,0.196818,0.98409,0
TCGA-78-8662,C2,1411.531094,36.997663,4779.723407,348.199525,1.873299,1.170812,2.341624,0.702487,56.433144
TCGA-79-5596,C4,1266.793067,0,9068.13699,346.248812,41.78865,38.206765,39.400727,13.133576,257.895667
TCGA-80-5607,C2,28157.50801,0.511862,31.735421,19.450742,5.630478,1.535585,16.379572,1.535585,5.630478
TCGA-80-5608,C1,189019.9303,2.612599,1135.039216,40.720512,0.540538,0.720717,0.360359,14.50443,0.270269
TCGA-80-5611,C1,899.473848,0.284284,4385.361433,9.381364,0.568568,0.568568,17.909877,0.284284,1.421419
TCGA-83-5908,C2,1028.452733,1.28637,465.987496,14.471661,2.57274,1.768759,1.28637,1.447166,4.823887
TCGA-85-6175,C3,2041.964679,0.508457,2850.242365,28.812583,1.525372,0.169486,7.965832,1.355886,42.371445
TCGA-85-6560,C5,1704.893674,2.890875,368.586593,67.935568,7.949907,7.227188,0,2.168156,6.504469
TCGA-85-6561,C5,412.031211,0.500038,4758.110427,150.511401,1.000076,2.000152,1.250095,7.250549,175.763314
TCGA-85-6798,C5,163.556419,0.953682,36382.00485,891.056643,224.274157,197.253174,28.769399,0.953682,192.643712
TCGA-85-7696,C5,681.161207,1.095996,17729.00598,61.010417,93.342284,92.976952,6.575973,48.954466,40.003836
TCGA-85-7697,C4,11695.88856,0,11513.06446,175.453609,4.134665,6.291881,9.347938,3.954897,175.453609
TCGA-85-7698,C5,1666.764427,0.230025,14788.56636,213.233594,5.520611,4.140458,4.370484,25.532825,97.990843
TCGA-85-7699,C5,61.071109,0.260988,7440.235787,34.972344,1.043951,0.782963,6.785679,10.178518,16.703209
TCGA-85-7843,C4,1155.261715,2.068138,17416.61476,152.628562,2.895393,3.30902,8.272551,1.240883,159.66023
TCGA-85-7844,C5,720.307495,0.389935,11575.80644,456.711411,1.072321,1.169805,82.178809,12.672889,90.75738
TCGA-85-7950,C4,773.902164,0.950273,10727.43953,402.345501,16.724801,15.584474,146.151956,25.277256,128.286827
TCGA-85-8048,C3,4097.057045,0.477958,8547.086164,34.174006,1.194895,2.389791,7.886309,5.257539,9.559162
TCGA-85-8049,C5,13811.31905,0.175162,7538.080575,327.902564,2.452263,2.802586,7.707112,7.707112,47.293639
TCGA-85-8072,C5,5498.12569,0,13302.15534,89.948887,2.248722,2.891214,1.927476,1.284984,215.877328
TCGA-85-8276,C5,360.420898,0.509069,5259.701584,120.140299,2.545345,1.527207,1.018138,4.581622,113.522402
TCGA-85-8287,C4,477.904798,0.352827,12972.40731,74.446595,2.646206,1.764137,44.985501,21.346061,53.453361
TCGA-85-8288,C4,307.654121,0.56073,10832.37822,40.372594,1.121461,2.056012,65.418555,3.925113,33.270008
TCGA-85-8350,C4,9170.485524,0,6596.907349,93.245586,9.760286,8.714541,39.564015,7.668796,56.993097
TCGA-85-8351,C4,3403.980155,1.969733,15022.31004,53.745574,6.753371,5.627809,9.567275,2.251124,87.512427
TCGA-85-8352,C5,373.229182,1.114949,27025.52787,188.426383,6.13222,6.13222,0.278737,0,76.931482
TCGA-85-8353,C5,1004.440303,0.401401,5333.822865,51.245589,1.338005,1.739406,3.345012,1.070404,75.99868
TCGA-85-8355,C3,3273.82339,2.342535,10538.80657,95.263107,4.685071,5.465916,13.014086,7.027606,309.214675
TCGA-85-8479,C5,3075.715698,0,29463.67931,116.746552,4.6328,6.949199,2.77968,0,51.887356
TCGA-85-8580,C5,8777.614431,0.828702,51212.14281,1200.789588,17.402748,14.916641,3.314809,14.087939,394.46228
TCGA-85-8664,C4,606.681231,0.390777,29968.09892,89.487924,1.367719,0.976942,3.321604,49.433285,150.44913
TCGA-85-8666,C5,181.714193,0.61598,11181.58268,87.777195,4.619852,5.543823,10.779656,0.92397,206.353406
TCGA-85-A4CL,C4,7552.848804,0.242966,20343.07806,226.68751,26.483321,24.296625,6.074156,8.989751,55.153338
TCGA-85-A4CN,C5,97.947213,0.689769,18613.76414,761.160205,13.105613,12.760728,3.448846,42.4208,260.042952
TCGA-85-A4JB,C4,283.819637,0.256618,12761.36235,164.235595,2.566181,1.283091,32.077265,99.824448,77.498671
TCGA-85-A4JC,C4,637.499724,0.428499,12836.65845,236.531573,0.749874,0.749874,21.960585,1.606872,72.951993
TCGA-85-A4PA,C3,2708.379115,4.323031,253.257584,13.329347,10.447326,10.447326,0,15.490862,7.565305
TCGA-85-A4QQ,C5,7041.817748,0.542806,25615.27021,78.70682,0.271403,0.271403,1.628417,2.985431,56.723191
TCGA-85-A4QR,C4,2530.376597,0.335505,33346.82062,111.052062,6.039085,3.019542,147.286572,32.879463,470.713122
TCGA-85-A50Z,C3,1312.613824,0.337693,25075.41535,332.290199,1.688466,2.363853,140.142716,0.675387,293.793164
TCGA-85-A510,C1,202330.9188,24.870574,994.822978,37.305862,0.3033,0.606599,0.909899,2.123098,40.338859
TCGA-85-A511,C4,100.39001,0,7883.133941,95.689475,5.372041,5.707793,4.700536,2.014515,57.245808
TCGA-85-A512,C5,974.936292,0,11950.625,569.56344,122.778396,117.820599,3.791257,1.458176,305.341998
TCGA-85-A513,C3,20747.01093,1.266421,151.210635,74.972107,0.506568,0.253284,0.506568,2.786126,1.266421
TCGA-85-A53L,C5,852.0662,2.202291,16352.2273,262.072571,1.761832,1.321374,3.083207,21.582447,96.240095
TCGA-85-A5B5,C5,189.671299,0.309415,17334.96663,237.01177,0.309415,0.928245,14.233083,9.901275,147.590881
TCGA-86-6562,C2,9631.894889,3.479809,40.670272,78.730687,0.326232,0.326232,2.609857,1.957393,8.808268
TCGA-86-6851,C2,19503.89354,24.856484,2036.54241,103.528462,0.241325,0.241325,28.95901,1.206625,1.930601
TCGA-86-7701,C2,99898.64911,7.255545,15.871504,7.482281,1.133679,0.453472,0,7.935752,1.58715
TCGA-86-7711,C3,172.273724,0.884968,127.730347,2.359914,0,0,0.294989,0,1.179957
TCGA-86-7713,C1,19267.44439,2.497441,576.596669,11.862844,1.560901,1.560901,0.31218,9.677584,8.116683
TCGA-86-7953,C3,12414.67603,2.904131,639.876865,26.863212,1.210055,3.388153,0.968044,17.908808,4.598207
TCGA-86-7954,C3,10791.94742,1.730235,1051.668277,12.426233,0.314588,0.629176,1.258353,3.775058,3.145882
TCGA-86-7955,C1,1501.512018,22.897115,6.465068,2.155023,0.538756,0.538756,1.077511,0.538756,67.344457
TCGA-86-8054,C1,477489.7144,3.747602,106.806666,3.955802,3.331202,3.331202,1.041001,7.078804,1.873801
TCGA-86-8055,C3,19622.17576,4.299788,3580.97557,48.232404,0.934737,1.308631,6.169261,1.308631,8.412629
TCGA-86-8056,C2,35287.65435,0.890405,205.683635,5.119831,0.445203,1.113007,31.164187,9.126655,3.561621
TCGA-86-8073,C3,6888.416787,20.926403,89.684586,146.271289,2.775951,1.708278,0.640604,8.541389,0.427069
TCGA-86-8074,C2,17705.17693,6.932462,5186.141547,72.130613,2.640938,1.815645,1.980703,2.971055,6.437286
TCGA-86-8075,C3,2326.889936,1.471039,1120.049309,65.90256,0.73552,1.765247,47.220361,2.206559,5.737053
TCGA-86-8076,C3,15416.23638,0.601453,301.728796,10.826149,7.217433,8.420338,0.801937,3.608716,1.002421
TCGA-86-8278,C2,17592.03536,1.538251,62.240021,13.725936,0.828289,0.946616,8.519547,0.946616,1.419924
TCGA-86-8279,C1,11706.24956,8.654068,891.63944,73.289138,1.352198,0.811319,1.081758,1.081758,0.540879
TCGA-86-8280,C3,22670.46027,19.207881,500.98168,12.614131,1.290082,1.290082,2.866848,3.153533,6.450408
TCGA-86-8281,C1,27172.84656,13.738051,52.238514,21.370301,3.561717,5.257772,1.696056,3.731322,1.696056
TCGA-86-8358,C1,379008.3146,2.350828,80.439192,15.229275,43.848047,45.483406,2.759667,10.73204,0.40884
TCGA-86-8359,C1,95076.53354,1.220375,16.322518,24.407504,1.220375,0.457641,0.762735,0.915281,0.152547
TCGA-86-8585,C3,2091.897609,0.154213,26.83304,7.248005,0.771064,0.771064,0.308426,2.313193,1.387916
TCGA-86-8668,C2,21883.70778,6.073305,30.511126,17.496902,0.867615,0.867615,58.56401,1.301422,13.014225
TCGA-86-8669,C1,102407.2939,6.224043,103.941521,1.452277,4.771766,6.224043,1.452277,7.67632,0.829872
TCGA-86-8671,C3,12053.26146,2.593717,376.08894,10.115496,1.037487,2.334345,4.409319,10.374867,1.037487
TCGA-86-8673,C2,51671.88638,21.22076,17.683966,39.788924,3.536793,2.652595,0,1.547347,0.22105
TCGA-86-A456,C2,15523.41804,6.739111,3.494354,4.742338,0.74879,0,0.249597,0,4.742338
TCGA-86-A4D0,C1,189180.0056,15.275742,16.393479,52.16107,0.745158,0,0,5.588686,0.745158
TCGA-86-A4JF,C2,32389.1352,3.255762,10.377742,10.988197,1.831366,1.017426,0.610455,3.459247,3.052277
TCGA-86-A4P7,C2,10444.62441,1.146249,52.345389,7.259579,1.719374,1.719374,3.62979,2.101457,0.764166
TCGA-86-A4P8,C3,8060.957358,1.55657,139.572447,8.042279,0.259428,0.518857,0,16.603414,0.778285
TCGA-90-6837,C3,15032.36085,1.033673,5.340643,17.916997,1.378231,1.895067,0.172279,7.924826,0.861394
TCGA-90-7766,C4,872.77208,0,20665.53723,161.816809,3.55341,3.006731,19.407084,1.366696,97.035418
TCGA-90-7767,C5,290.061925,0.411241,21997.13941,133.927458,212.474472,228.924109,27.690222,1.507883,81.562781
TCGA-90-7769,C5,32.94,0.374318,22514.86418,537.520906,6.363409,10.106591,16.095682,20.961818,376.938407
TCGA-90-A4ED,C4,121.415923,0.410189,20009.42614,255.752797,0.820378,0.820378,40.198515,4.717173,52.093994
TCGA-90-A4EE,C5,2053.392202,0,9878.17474,120.139963,2.336055,4.004665,20.690771,13.682607,45.052486
TCGA-90-A59Q,C3,3956.567379,0,11026.24619,124.352936,0.428803,1.715213,0.428803,0,5.574442
TCGA-91-6828,C2,149377.4124,1.784373,53.134668,12.88714,1.982637,1.586109,6.939229,1.982637,0.793055
TCGA-91-6829,C2,1945.024044,15.13809,5.584926,5.144011,1.175774,0.88183,2.645491,3.821265,0.440915
TCGA-91-6830,C3,13547.80516,0.254445,177.857165,82.440231,21.882283,19.973945,1.908339,6.488352,1.399448
TCGA-91-6831,C1,18749.35247,10.613127,87.095027,2.86386,0.842312,0.336925,0,1.853086,0.336925
TCGA-91-6835,C3,12740.13534,3.895139,164.677837,35.921841,5.193519,7.141089,12.983798,1.514776,1.081983
TCGA-91-6836,C2,5672.386835,19.273347,3.312606,65.348691,2.409168,2.710314,0.602292,1.50573,9.636673
TCGA-91-6840,C1,27033.77321,17.80475,1561.253989,347.363818,2.910392,2.739192,0.684798,1.283996,1.369596
TCGA-91-6847,C2,263.535233,0.870471,13897.29438,53.098759,1.088089,0.652854,3.264268,0.217618,18.279901
TCGA-91-6848,C5,962.32161,0.789219,83.394191,165.209943,6.050683,9.207561,0,7.102975,67.609801
TCGA-91-6849,C3,55948.43626,2.135405,140.42833,36.200207,8.33825,6.914646,0.203372,4.677555,5.796101
TCGA-91-7771,C2,19682.52242,0.418394,7.740294,4.602337,27.195629,28.869206,0,2.091971,0
TCGA-91-8496,C3,28131.91747,8.644581,6.627512,8.356429,0.720382,1.152611,1.152611,2.449298,2.305222
TCGA-91-8497,C3,115028.5662,1.852604,67.064273,21.86073,14.450313,16.302917,2.593646,3.519948,1.111563
TCGA-91-8499,C4,71848.05423,0.196617,11.20718,11.797032,1.37632,1.37632,0.196617,5.505282,0.196617
TCGA-91-A4BC,C3,20932.12767,2.23873,33.332206,14.924868,0.746243,1.243739,0,2.984974,0.746243
TCGA-91-A4BD,C3,19232.43988,4.413917,59.989146,7.022141,0.80253,0.200633,1.203796,1.404428,4.815182
TCGA-92-7340,C5,569.667912,0.176041,9870.869699,29.398808,0.176041,0.264061,12.674935,3.608836,76.313671
TCGA-93-7348,C3,17291.30593,2.895262,477.396452,62.087274,0.965087,0.965087,0.321696,8.685785,6.433914
TCGA-93-A4JN,C2,3923.026974,3.371953,28.661604,42.871979,2.167684,1.685977,4.094515,9.393299,0.963415
TCGA-93-A4JO,C3,5584.994827,0.466057,323.210574,44.741478,0.466057,0.699086,0.932114,14.21474,5.592685
TCGA-93-A4JP,C3,11920.00192,0.687151,2337.686433,112.005552,2.748603,1.030726,0.687151,5.497205,1.030726
TCGA-93-A4JQ,C3,6764.859417,0,2800.167892,73.028615,0.245888,0.245888,0.98355,1.475326,15.982693
TCGA-94-7033,C4,2326.962408,1.897238,6046.971818,717.155964,1.185774,1.422929,13.99213,5.928869,57.628604
TCGA-94-7557,C4,5801.166308,0.268809,21241.55335,207.789331,1.075236,0.806427,5.913797,1.612854,79.836263
TCGA-94-7943,C4,2058.727017,0.464462,6396.103723,62.005653,7.431389,5.573542,5.341311,3.947925,48.53626
TCGA-94-8035,C4,7126.168166,2.000819,34953.56348,520.713232,1.500615,2.000819,111.545678,3.251331,888.613887
TCGA-94-8490,C5,226.61737,0.57299,16867.09364,202.551809,4.297422,6.302885,24.638551,66.753284,138.949968
TCGA-94-8491,C5,2401.643278,0,16902.95247,46.200073,8.365445,8.365445,26.427202,5.703713,97.343363
TCGA-94-A4VJ,C5,1865.443781,0.743205,18473.83907,564.092363,0.371602,0.371602,10.900336,0.247735,95.997273
TCGA-94-A5I4,C4,3440.427936,0.881107,21767.44716,489.014215,60.796362,48.75457,39.943503,14.097707,217.339651
TCGA-94-A5I6,C5,334.893892,1.206825,9416.653056,442.703577,5.229574,6.034124,1.206825,0.201137,346.761003
TCGA-95-7039,C2,17590.01019,11.45183,11.21325,55.589089,1.908638,1.192899,1.192899,5.248755,0.715739
TCGA-95-7043,C2,8864.015594,1.71807,10.67658,34.975003,2.699825,2.454386,0,0.122719,0
TCGA-95-7567,C2,11939.39512,1.787216,13.106248,13.106248,0,0.397159,0.19858,0.19858,0.595739
TCGA-95-7944,C3,8068.105184,1.239674,6.198368,7.128123,0.309918,0.619837,0.309918,6.198368,0.619837
TCGA-95-7947,C5,3791.933379,5.206818,1313.21419,133.732998,4.658731,3.836602,1.644258,2.192344,1.644258
TCGA-95-7948,C2,7003.435366,13.166855,924.786634,36.985548,3.254728,2.367075,0,0.591769,1.479422
TCGA-95-A4VK,C1,24216.15444,7.538728,4.020655,14.323584,1.256455,0.753873,0.251291,2.512909,0.251291
TCGA-95-A4VN,C2,9472.214952,2.550033,161.347567,68.155438,0.695464,0.463642,0.695464,3.477318,2.318212
TCGA-95-A4VP,C3,121384.3677,2.490129,13.004006,3.873534,0.691702,0.276681,0,21.027754,1.521745
TCGA-96-7544,C4,2489.649928,0.417236,13784.24077,22.948005,2.503419,4.798219,345.263167,3.755128,202.568299
TCGA-96-A4JK,C4,339.866506,0.183019,10282.01416,207.726701,26.903811,29.283059,1.647172,92.790694,111.641663
TCGA-96-A4JL,C5,1457.692698,0.122629,14477.35211,308.657569,3.065729,2.084696,17.168081,2.9431,15.696531
TCGA-97-7546,C3,15275.13654,4.04408,15.69103,10.676371,10.999897,11.323424,7.764633,2.426448,1.132342
TCGA-97-7552,C3,11877.32308,0.452584,69.547135,3.168091,1.05603,0.754307,3.620675,3.168091,1.810338
TCGA-97-7553,C3,4036.081883,2.838028,60.814895,12.162979,1.621731,1.216298,0.810865,1.419014,3.85161
TCGA-97-7554,C2,4899.256876,2.946567,2.65191,5.598477,0,0.589313,3.830537,1.76794,1.76794
TCGA-97-7937,C2,4795.454026,10.983769,10.390051,65.308895,1.484293,0.890576,0.296859,0,0.890576
TCGA-97-7938,C3,10495.54052,0.692699,54.723201,12.006778,1.385397,0.923598,0.461799,1.616297,3.001695
TCGA-97-7941,C3,29839.91327,2.750086,449.744824,35.962662,0.84618,1.26927,3.173176,14.808155,0.84618
TCGA-97-8179,C1,26823.67386,15.38664,22.139051,27.341728,1.771124,2.878077,0,2.767381,0.442781
TCGA-97-A4M0,C2,42827.18529,2.786545,29.568339,17.183695,0,0.619232,0.309616,1.857697,0.77404
TCGA-97-A4M2,C3,17840.72796,7.223844,196.849754,27.089416,5.056691,4.334307,1.444769,7.946229,1.083577
TCGA-97-A4M5,C3,7764.474502,2.850883,160.599735,9.122825,1.71053,1.140353,0.950294,4.561413,1.71053
TCGA-97-A4M6,C3,12576.61296,2.184984,229.26727,18.416295,0.15607,0,0.936422,2.809265,0.468211
TCGA-97-A4M7,C2,29137.13812,0.839252,128.615312,10.280832,0.839252,0.839252,3.147194,5.664949,1.46869
TCGA-98-7454,C3,3440.450488,0.929684,3275.276635,12.705681,2.479157,1.859368,0,4.338525,13.635365
TCGA-98-A538,C4,192.778028,0,7944.334134,335.439464,0.284753,0.284753,60.93722,0.569507,428.838568
TCGA-98-A539,C4,1909.030191,0.177254,7476.060017,326.679911,1.59529,0.709018,1.240781,1.063527,358.231199
TCGA-98-A53A,C4,1290.091762,1.010648,51877.55599,1154.159649,38.909936,40.931231,103.591387,24.255544,905.034996
TCGA-98-A53B,C4,1223.611122,0,12254.87158,95.141837,2.177542,1.842536,17.58784,2.345045,119.764812
TCGA-98-A53C,C3,8744.403037,0.3681,486.628394,20.613608,2.944801,2.392651,0.18405,9.386554,6.809853
TCGA-98-A53H,C3,12968.14689,0.349456,1572.902603,43.682032,0.698913,0.524184,1.747281,8.736406,24.112482
TCGA-98-A53J,C5,921.415386,0.235777,30325.36479,634.946683,11.081505,9.902622,13.203496,4.008204,87.708936
TCGA-99-7458,C2,14906.88539,1.506221,41.044534,5.836608,31.818928,43.115589,2.635888,1.694499,1.317944
TCGA-99-8028,C3,6576.644048,5.41399,206.633942,14.437306,0,0.451166,1.353497,2.706995,1.804663
TCGA-J2-8192,C3,20938.43162,7.64727,4070.001042,41.74996,0.206683,0.826732,10.954197,1.446781,4.753708
TCGA-J2-8194,C1,27411.6206,3.142912,49.429433,38.000662,26.286172,28.000488,1.428596,0.285719,0.571439
TCGA-J2-A4AD,C1,8925.977058,0.695142,1988.455074,292.4812,0.868928,1.042714,4.170855,5.908711,2.432999
TCGA-J2-A4AG,C2,13577.74218,1.561577,8.328413,6.072801,0.520526,0.173509,16.656826,4.164206,0.173509
TCGA-L3-A4E7,C3,4093.356863,0.516903,20530.88032,158.172396,1.292258,1.292258,21.193033,0.775355,133.361039
TCGA-L3-A524,C5,271.013596,1.181402,14880.22948,207.454173,15.830785,20.320113,0.945122,6.37957,400.022683
TCGA-L4-A4E5,C2,8466.10524,64.161354,26.129058,22.935507,1.741937,2.612906,0.870969,0.580646,0.290323
TCGA-L4-A4E6,C3,9092.139621,0.984424,206.72903,10.336451,0.984424,0.984424,0.984424,5.906544,1.968848
TCGA-L9-A443,C2,7581.781044,5.829422,43.985636,107.579326,3.709632,6.359369,0.176649,4.592878,0
TCGA-L9-A444,C2,6085.302609,8.45943,3.658132,14.861161,0.228633,0.6859,0,0.457267,0.228633
TCGA-L9-A50W,C2,36228.30002,11.978533,58.733452,21.831842,6.955277,9.660107,0.966011,11.592129,2.70483
TCGA-L9-A5IP,C3,562.668141,2.23281,380.694119,10.047645,9.210342,6.419329,0,0.558203,1.674608
TCGA-L9-A743,C3,14948.85876,0.389554,157.379645,12.595566,1.558214,0.519405,0.649256,1.817917,2.077619
TCGA-L9-A7SV,C1,4967.947825,259.774978,15.315983,2.386906,7.757446,5.768357,0,1.392362,0.397818
TCGA-L9-A8F4,C3,4703.186484,5.89856,54.510832,137.090676,0.203399,0.406797,0.203399,1.42379,1.830588
TCGA-LA-A446,C4,6009.834572,0.327404,19577.14416,230.820079,1.309617,1.309617,47.146229,9.494727,239.332593
TCGA-LA-A7SW,C4,427.817455,2.958968,38074.7672,105.783106,106.029686,128.961688,0.246581,0.493161,221.182857
TCGA-MF-A522,C5,186.832544,0,38024.29192,252.058106,136.347221,133.399173,11.05518,0,162.142641
TCGA-MN-A4N1,C2,34196.3084,8.524944,2.75807,75.721561,0.250734,0.752201,1.504402,0,3.008804
TCGA-MN-A4N4,C3,3653.259851,1.679119,171.43808,33.91821,0.671648,0.671648,1.175384,1.343295,0
TCGA-MP-A4SV,C2,9818.217552,10.552259,243.691233,5.605888,0.659516,0.659516,1.978549,3.627339,0.659516
TCGA-MP-A4SW,C2,27919.7287,1.49342,62.723624,13.938583,0.74671,0,0.74671,1.244516,1.244516
TCGA-MP-A4SY,C2,4214.998046,3.913006,233.169125,21.406445,2.531945,1.381061,2.992299,8.516543,0.69053
TCGA-MP-A4T4,C3,9775.771331,11.311277,75.045974,25.015325,0.435049,0,0.435049,4.568016,3.697918
TCGA-MP-A4T6,C2,34953.29635,10.641316,167.375276,21.102271,0.180361,0.180361,9.018064,0.901806,2.344697
TCGA-MP-A4T7,C3,25777.19508,0.954888,16.710536,19.575199,0.954888,0.477444,0.954888,4.774439,0.954888
TCGA-MP-A4T8,C2,36200.37395,2.492988,97.22655,62.636335,0.934871,0.311624,0,2.804612,0
TCGA-MP-A4T9,C3,9878.897619,1.077306,1511.699964,88.099705,2.394014,3.231919,1.79551,4.907728,1.197007
TCGA-MP-A4TA,C3,6505.401742,4.538413,426.404484,48.684789,0.825166,1.650332,0,6.807619,2.475498
TCGA-MP-A4TC,C2,10521.14999,4.811286,558.675187,114.4803,0,0.424525,0.707542,0.84905,4.103744
TCGA-MP-A4TD,C2,34729.89311,1.05477,241.278698,46.146199,4.219081,3.164311,0,26.369257,0.263693
TCGA-MP-A4TE,C1,232749.7113,1.425787,5.499463,5.703147,0.407368,0,0.203684,0.814735,0.407368
TCGA-MP-A4TF,C2,14570.65398,1.009034,23.005977,27.445727,1.412648,1.816261,1.614455,0.403614,0.201807
TCGA-MP-A4TH,C3,39080.99007,5.13576,20.971018,18.831118,1.06995,0.85596,2.56788,5.777729,0.85596
TCGA-MP-A4TI,C2,2431.342514,0.243219,1757.138398,10.580043,1.459316,1.580926,0.12161,0.486439,6.688533
TCGA-MP-A4TJ,C3,60288.99594,1.374522,760.935214,13.745217,0.824713,2.199235,1.92433,2.749043,3.023948
TCGA-MP-A4TK,C2,11405.34082,1.70969,97.594794,109.847571,0.712371,1.139793,0.712371,4.274225,9.118346
TCGA-MP-A5C7,C1,105915.7875,18.696963,228.69578,3.420176,75.015864,95.536921,0,7.296376,0.228012
TCGA-NC-A5HD,C5,1496.221981,1.044301,62633.76841,254.809397,1.827526,0.52215,20.886016,240.711336,231.834779
TCGA-NC-A5HE,C5,148.387561,2.135073,12342.42896,38.217803,1.494551,1.708058,1.921566,9.821335,16.867075
TCGA-NC-A5HF,C4,4688.191172,0.90337,31265.34789,229.757201,6.323593,4.516852,11.141568,1.505617,510.103144
TCGA-NC-A5HI,C4,847.640066,0,19401.40623,329.654438,2.694723,1.796482,41.618498,0.598827,554.813509
TCGA-NC-A5HJ,C3,26728.26489,5.488784,89.509394,31.666059,0.211107,1.266642,0,5.277677,1.055535
TCGA-NC-A5HK,C5,3173.514769,1.738383,35568.28224,139.263795,0.772615,0.579461,0.579461,0,247.623003
TCGA-NC-A5HL,C5,1019.793245,0,21683.00844,56.93263,0.665879,0.998818,1.997636,1.331757,156.481497
TCGA-NC-A5HM,C4,836.035268,0,27953.47932,300.302494,3.436938,7.733111,12.888519,1.288852,154.662228
TCGA-NC-A5HN,C4,82.556689,1.079172,57720.61522,273.030618,8.633379,5.395862,2.158345,0,397.675031
TCGA-NC-A5HO,C5,88.330264,1.090497,35842.82157,423.839866,0.363499,0,23.627437,2.180994,119.954679
TCGA-NC-A5HP,C4,1352.201596,0.219763,15311.76565,96.915473,1.538341,1.758104,2.19763,3.735971,86.36685
TCGA-NC-A5HQ,C5,1829.517988,1.816543,12252.83991,150.254031,1.038024,1.29753,62.800476,3.892591,376.543348
TCGA-NC-A5HR,C5,4292.246123,0.340681,23992.15342,135.931915,8.517037,7.835674,10.220445,50.420861,111.402848
TCGA-NC-A5HT,C4,2595.984302,0.423454,15437.6481,91.042594,1.693816,2.540724,87.86669,6.563536,169.593298
TCGA-NJ-A4YF,C1,12277.59466,10.507923,83.60652,92.743845,0.913732,0.228433,0,2.284331,0.456866
TCGA-NJ-A4YG,C2,9507.732168,2.546188,17.287273,15.545145,0.938069,1.340099,1.474109,5.762424,0.536039
TCGA-NJ-A4YI,C2,12270.64075,0.71526,200.272764,36.120624,2.324595,1.78815,0.178815,2.324595,3.397484
TCGA-NJ-A55A,C3,27572.01254,2.802917,1483.023293,162.849468,1.121167,0.560583,10.651084,19.059834,4.204375
TCGA-NJ-A55O,C3,21702.41751,0.703664,9.851302,10.789521,1.876438,2.110993,0,9.147637,1.407329
TCGA-NJ-A55R,C1,156541.7028,1.350007,10.530056,26.730142,21.600115,25.380135,0,6.210033,0.540003
TCGA-NJ-A7XG,C2,18347.34235,2.313862,81.472298,4.018813,0.365347,0.730693,0.243564,0.852475,6.08911
TCGA-NK-A5CR,C4,1644.102077,0,11366.24431,197.696237,3.86797,2.793534,5.37218,35.886165,399.690219
TCGA-NK-A5CT,C3,2112.108221,1.644304,11383.10408,299.468828,2.05538,1.849842,0.616614,0.411076,199.371835
TCGA-NK-A7XE,C5,329.883522,0.26518,26407.38812,270.218094,2.121437,2.386617,59.400248,12.198265,86.183396
TCGA-O1-A52J,C3,33416.34906,2.842119,13.435474,9.818231,0,0.258374,0.775123,27.129322,1.033498
TCGA-O2-A52N,C5,1148.478931,0.713046,31403.2454,169.942557,3.089865,2.139137,0.475364,1.188409,95.072759
TCGA-O2-A52Q,C2,1602.332553,0.692152,1776.062778,16.438617,0.86519,0.346076,0.692152,0.346076,2.941647
TCGA-O2-A52V,C5,566.103599,0.304602,8676.752256,252.210804,4.873639,4.416735,21.931374,5.02594,111.179884
TCGA-O2-A5IB,C5,43175.19183,1.301107,149.255562,9.665366,3.345704,2.416342,2.230469,0.185872,0.557617
TCGA-S2-AA1A,C3,38882.93546,1.142652,35.23178,3.999283,1.904421,1.904421,0.380884,12.95006,1.713979
